model,grooving,diag1,diag2,diag4,diag5+,AA,A1A,A3A,AAA,ABAB,AB2AB
dataset,0.618432031982875,0.09710511523314067,0.12794206397083896,0.156620116669336,0.03363272798783018,0.09710511523314067,0.12794206397083896,0.156620116669336,0.05677346824050482,0.0687990343994134,0.11278062577317875
b28,0.5646434488838827,0.08436341161902236,0.10865931126677145,0.17156473391512483,0.04741731698217124,0.08436341161902236,0.10865931126677146,0.17156473391512486,0.038936959208779556,0.04580407890322366,0.10841938046025251
c24,0.5560973320228138,0.055277951280277085,0.07549085985079387,0.11124546553764109,0.029662306053949157,0.055277951280277085,0.07549085985079387,0.1112454655376411,0.02186133666451636,0.028097494922044355,0.05562273276882055
cp34,0.6403259504516249,0.05259781911447982,0.03991741225024145,0.04930156121570008,0.019334049408980526,0.05259781911447981,0.03991741225024145,0.04930156121570008,0.02437459910183211,0.013764624913876363,0.026294165981706707
cp32,0.6406339561952804,0.07749077490727252,0.08190224570619617,0.05376344085980213,0.028407460544877847,0.0774907749072725,0.08190224570619616,0.05376344085980213,0.046740467404386594,0.02377807133405695,0.006144393241120243
a42,0.5651588612090208,0.08542713567731876,0.13406292749474608,0.1813804173325621,0.04644890620183303,0.08542713567731876,0.13406292749474605,0.1813804173325621,0.04648241205971756,0.0697674418595107,0.11235955055999423
cp30,0.4190327332396748,0.03553800592265016,0.017410228509059735,0.020752269779237973,0.012160898035241379,0.03553800592265017,0.017410228509059735,0.020752269779237973,0.0,0.0,0.0
best,cp34,a42,a42,b28,c24,a42,a42,b28,cp32,a42,a42
